metric,rank,district,value,unit,reporting_period
population,1,Lurup,37755.0,persons,2024
population,2,Ottensen,35925.0,persons,2024
population,3,Bahrenfeld,31051.0,persons,2024
population,4,Altona-Altstadt,29680.0,persons,2024
population,5,Altona-Nord,26777.0,persons,2024
population,6,Osdorf,26601.0,persons,2024
population,7,Othmarschen,16528.0,persons,2024
population,8,Rissen,16429.0,persons,2024
population,9,Blankenese,13487.0,persons,2024
population,10,Iserbrook,11523.0,persons,2024
population,11,Groß Flottbek,11319.0,persons,2024
population,12,Sülldorf,9330.0,persons,2024
population,13,Sternschanze,7669.0,persons,2024
population,14,Nienstedten,7062.0,persons,2024
population_density,1,Sternschanze,15338.0,residents_per_km2,2024
population_density,2,Ottensen,12830.0,residents_per_km2,2024
population_density,3,Altona-Nord,12171.0,residents_per_km2,2024
population_density,4,Altona-Altstadt,10993.0,residents_per_km2,2024
population_density,5,Lurup,5993.0,residents_per_km2,2024
population_density,6,Groß Flottbek,4716.0,residents_per_km2,2024
population_density,7,Iserbrook,4268.0,residents_per_km2,2024
population_density,8,Osdorf,3644.0,residents_per_km2,2024
population_density,9,Bahrenfeld,2957.0,residents_per_km2,2024
population_density,10,Othmarschen,2801.0,residents_per_km2,2024
population_density,11,Blankenese,1752.0,residents_per_km2,2024
population_density,12,Sülldorf,1637.0,residents_per_km2,2024
population_density,13,Nienstedten,1605.0,residents_per_km2,2024
population_density,14,Rissen,984.0,residents_per_km2,2024
average_income_per_taxpayer,1,Nienstedten,168404.0,EUR,2021
average_income_per_taxpayer,2,Blankenese,158334.0,EUR,2021
average_income_per_taxpayer,3,Groß Flottbek,137079.0,EUR,2021
average_income_per_taxpayer,4,Othmarschen,122246.0,EUR,2021
average_income_per_taxpayer,5,Rissen,81336.0,EUR,2021
average_income_per_taxpayer,6,Osdorf,58530.0,EUR,2021
average_income_per_taxpayer,7,Sülldorf,56862.0,EUR,2021
average_income_per_taxpayer,8,Iserbrook,53159.0,EUR,2021
average_income_per_taxpayer,9,Ottensen,53126.0,EUR,2021
average_income_per_taxpayer,10,Bahrenfeld,45280.0,EUR,2021
average_income_per_taxpayer,11,Altona-Nord,43079.0,EUR,2021
average_income_per_taxpayer,12,Altona-Altstadt,42848.0,EUR,2021
average_income_per_taxpayer,13,Sternschanze,41402.0,EUR,2021
average_income_per_taxpayer,14,Lurup,35445.0,EUR,2021
unemployment_share,1,Lurup,8.5,percent,2024-12
unemployment_share,2,Altona-Altstadt,8.3,percent,2024-12
unemployment_share,3,Bahrenfeld,7.9,percent,2024-12
unemployment_share,4,Sternschanze,7.1,percent,2024-12
unemployment_share,5,Osdorf,7.0,percent,2024-12
unemployment_share,6,Altona-Nord,7.0,percent,2024-12
unemployment_share,7,Sülldorf,6.0,percent,2024-12
unemployment_share,8,Ottensen,5.7,percent,2024-12
unemployment_share,9,Rissen,4.6,percent,2024-12
unemployment_share,10,Iserbrook,4.5,percent,2024-12
unemployment_share,11,Othmarschen,3.3,percent,2024-12
unemployment_share,12,Groß Flottbek,2.6,percent,2024-12
unemployment_share,13,Blankenese,2.6,percent,2024-12
unemployment_share,14,Nienstedten,2.4,percent,2024-12
sgb2_share,1,Lurup,14.7,percent,2024-12
sgb2_share,2,Bahrenfeld,12.1,percent,2024-12
sgb2_share,3,Altona-Altstadt,11.4,percent,2024-12
sgb2_share,4,Osdorf,11.2,percent,2024-12
sgb2_share,5,Altona-Nord,9.6,percent,2024-12
sgb2_share,6,Sülldorf,8.7,percent,2024-12
sgb2_share,7,Sternschanze,7.9,percent,2024-12
sgb2_share,8,Rissen,6.1,percent,2024-12
sgb2_share,9,Iserbrook,5.6,percent,2024-12
sgb2_share,10,Ottensen,5.5,percent,2024-12
sgb2_share,11,Othmarschen,3.5,percent,2024-12
sgb2_share,12,Blankenese,1.3,percent,2024-12
sgb2_share,13,Groß Flottbek,1.2,percent,2024-12
sgb2_share,14,Nienstedten,1.0,percent,2024-12
private_cars_per_1000,1,Nienstedten,502.0,cars_per_1000,2025-01
private_cars_per_1000,2,Blankenese,489.0,cars_per_1000,2025-01
private_cars_per_1000,3,Rissen,425.0,cars_per_1000,2025-01
private_cars_per_1000,4,Othmarschen,415.0,cars_per_1000,2025-01
private_cars_per_1000,5,Groß Flottbek,414.0,cars_per_1000,2025-01
private_cars_per_1000,6,Sülldorf,392.0,cars_per_1000,2025-01
private_cars_per_1000,7,Iserbrook,391.0,cars_per_1000,2025-01
private_cars_per_1000,8,Osdorf,349.0,cars_per_1000,2025-01
private_cars_per_1000,9,Lurup,321.0,cars_per_1000,2025-01
private_cars_per_1000,10,Bahrenfeld,273.0,cars_per_1000,2025-01
private_cars_per_1000,11,Ottensen,257.0,cars_per_1000,2025-01
private_cars_per_1000,12,Altona-Altstadt,218.0,cars_per_1000,2025-01
private_cars_per_1000,13,Altona-Nord,208.0,cars_per_1000,2025-01
private_cars_per_1000,14,Sternschanze,186.0,cars_per_1000,2025-01
electric_cars,1,Othmarschen,1371.0,cars,2025-01
electric_cars,2,Bahrenfeld,878.0,cars,2025-01
electric_cars,3,Ottensen,475.0,cars,2025-01
electric_cars,4,Altona-Altstadt,420.0,cars,2025-01
electric_cars,5,Lurup,345.0,cars,2025-01
electric_cars,6,Rissen,317.0,cars,2025-01
electric_cars,7,Osdorf,301.0,cars,2025-01
electric_cars,8,Blankenese,299.0,cars,2025-01
electric_cars,9,Groß Flottbek,211.0,cars,2025-01
electric_cars,10,Nienstedten,201.0,cars,2025-01
electric_cars,11,Altona-Nord,164.0,cars,2025-01
electric_cars,12,Sülldorf,149.0,cars,2025-01
electric_cars,13,Iserbrook,128.0,cars,2025-01
electric_cars,14,Sternschanze,99.0,cars,2025-01
